{
  "method": "box-cox",
  "lambda": 0.010614744387567043,
  "mean": 5.246265415063799,
  "std": 1.3769977036195655,
  "n_samples": 1000000,
  "offset": 1e-06,
  "pkl_path": "./boxcox.pkl"
}